TDSFU Daily run: Thu Oct 23 05:10:01 UTC 2025 TDSFU
TDSFU Daily run: Fri Oct 24 04:35:21 UTC 2025 TDSFU
TDSFU Daily run: Sat Oct 25 04:33:50 UTC 2025 TDSFU
TDSFU Daily run: Sun Oct 26 04:34:01 UTC 2025 TDSFU
TDSFU Daily run: Mon Oct 27 04:43:19 UTC 2025 TDSFU
TDSFU Daily run: Tue Oct 28 04:36:34 UTC 2025 TDSFU
TDSFU Daily run: Wed Oct 29 04:41:58 UTC 2025 TDSFU
TDSFU Daily run: Thu Oct 30 04:36:01 UTC 2025 TDSFU
TDSFU Daily run: Fri Oct 31 04:38:53 UTC 2025 TDSFU
TDSFU Daily run: Sat Nov  1 04:33:19 UTC 2025 TDSFU
TDSFU Daily run: Sun Nov  2 04:35:56 UTC 2025 TDSFU
TDSFU Daily run: Mon Nov  3 04:42:52 UTC 2025 TDSFU
